{
    "refreshGatewayRoute":false,
    "routeList":[
        {
            "id":"admin_route",
            "predicates":[
                {
                    "name":"Path",
                    "args":{
                        "_genkey_0":"/admin/**"
                    }
                }
            ],
            "filters":[
                {"name":" SwaggerHeaderFilter"},
                {"name":"StripPrefix=1"}
            ],
            "uri":"lb://admin",
            "order":0
        },
        {
            "id":"demo_route",
            "predicates":[
                {
                    "name":"Path",
                    "args":{
                        "_genkey_0":"/demo/**"
                    }
                }
            ],
            "filters":[
                {"name":" SwaggerHeaderFilter"},
                {"name":"StripPrefix=1"}
            ],
            "uri":"lb://demo2",
            "order":1
        }
    ]
}